{"cameraMode":{"drawMode":0,"name":"Shaded","section":"Shading Mode"},"sceneLighting":false,"audioPlay":false,"sceneViewState":{"showFog":false,"showMaterialUpdate":false,"showSkybox":false,"showFlares":false,"showImageEffects":false,"showParticleSystems":false},"in2DMode":false,"pivot":{"x":9.503424644470215,"y":9.919382095336914,"z":-5.65574312210083},"rotation":{"x":0.007070004940032959,"y":-0.9917672872543335,"z":0.11144208163022995,"w":0.06285867094993592},"size":36.570072174072269,"orthographic":false}