{"cameraMode":{"drawMode":0,"name":"Shaded","section":"Shading Mode"},"sceneLighting":false,"audioPlay":false,"sceneViewState":{"showFog":false,"showMaterialUpdate":false,"showSkybox":false,"showFlares":false,"showImageEffects":false,"showParticleSystems":false},"in2DMode":false,"pivot":{"x":-0.008227169513702393,"y":-0.06089282035827637,"z":-0.13662636280059815},"rotation":{"x":-0.011611118912696839,"y":0.95319002866745,"z":-0.29988694190979006,"w":-0.036905959248542789},"size":3.974949359893799,"orthographic":false}